definition_id,criteria_name,value,unit,value_si
def_unk_1910_41,min_height,3.0,m,3.0
def_usa_unknown_45,min_canopy_cover,0.0,percent,0.0
def_unk_unknown_63,min_canopy_cover,40.0,percent,40.0
def_unk_unknown_63,min_height,5.0,meter,5.0
def_unk_1991_66,min_canopy_cover,20.0,percent,20.0
def_unk_unknown_67,min_canopy_cover,10.0,percent,10.0
def_unk_unknown_70,min_canopy_cover,10.0,percent,10.0
def_unk_unknown_71,min_canopy_cover,40.0,percent,40.0
def_unk_unknown_71,min_height,5.0,m,5.0
def_unk_1996_72,min_area,0.5,ha,0.5
def_unk_1996_72,min_canopy_cover,20.0,percent,20.0
def_unk_1996_72,min_height,7.0,m,7.0
def_unk_1996_72,min_width,15.0,m,15.0
def_uk_unknown_77,min_canopy_cover,1.0,percent,1.0
def_unk_unknown_83,min_height,40.0,m,40.0
def_unk_1958_87,min_height,100.0,feet,30.48
def_unk_1992_90,min_canopy_cover,10.0,percent,10.0
def_unk_1992_90,min_height,395.0,m,395.0
def_unk_unknown_94,min_canopy_cover,80.0,percent,80.0
def_unk_1943_97,min_height,50.0,m,50.0
def_eur_2000_98,min_canopy_cover,20.0,percent,20.0
def_eur_2000_98,min_height,7.0,m,7.0
def_eur_2004_99,min_area,0.5,ha,0.5
def_eur_2004_99,min_canopy_cover,10.0,percent,10.0
def_eur_2004_99,min_height,5.0,m,5.0
def_eur_2010_100,min_canopy_cover,30.0,percent,30.0
def_eur_2010_101,min_canopy_cover,30.0,percent,30.0
def_eur_2010_101,min_height,5.0,metre,5.0
def_eur_unknown_102,min_area,1.0,hectare,1.0
def_eur_unknown_102,min_canopy_cover,10.0,percent,10.0
def_eur_unknown_102,min_height,5.0,meter,5.0
def_eur_unknown_103,min_canopy_cover,20.0,percent,20.0
def_eur_unknown_103,min_height,7.0,metre,7.0
def_unk_unknown_104,min_area,25.0,hectare,25.0
def_eur_1993_106,min_area,0.5,hectare,0.5
def_eur_unknown_107,min_area,0.5,ha,0.5
def_eur_unknown_107,min_canopy_cover,10.0,percent,10.0
def_unk_unknown_108,min_area,0.5,ha,0.5
def_unk_unknown_108,min_canopy_cover,10.0,percent,10.0
def_unk_unknown_108,min_height,5.0,m,5.0
def_unk_unknown_108,min_width,20.0,m,20.0
def_gre_unknown_113,min_height,5.0,meter,5.0
def_eur_unknown_116,min_area,1.0,ha,1.0
def_eur_unknown_116,min_height,5.0,m,5.0
def_unk_unknown_119,min_area,0.5,hectare,0.5
def_unk_unknown_119,min_canopy_cover,10.0,percent,10.0
def_unk_unknown_120,min_area,0.5,hectare,0.5
def_unk_unknown_120,min_height,5.0,metre,5.0
def_unk_2009_121,min_canopy_cover,30.0,percent,30.0
def_unk_1997_122,min_canopy_cover,70.0,percent,70.0
def_unk_1997_122,min_height,5.0,m,5.0
def_uk_unknown_123,min_area,0.5,ha,0.5
def_uk_unknown_123,min_canopy_cover,10.0,percent,10.0
def_uk_unknown_123,min_height,5.0,metre,5.0
def_eur_2000_124,min_canopy_cover,10.0,percent,10.0
def_eur_2000_124,min_height,5.0,meter,5.0
def_unk_2000_125,min_area,0.5,ha,0.5
def_unk_2000_125,min_canopy_cover,10.0,percent,10.0
def_unk_2000_125,min_height,5.0,m,5.0
def_unk_1997_128,min_area,0.5,ha,0.5
def_unk_1997_128,min_canopy_cover,10.0,percent,10.0
def_unk_1997_128,min_height,5.0,m,5.0
def_unk_1997_128,min_width,20.0,m,20.0
def_unk_unknown_129,min_canopy_cover,40.0,percent,40.0
def_unk_unknown_129,min_height,3.0,meter,3.0
def_unk_2001_130,min_area,0.5,ha,0.5
def_unk_2001_130,min_canopy_cover,10.0,percent,10.0
def_unk_2001_130,min_height,5.0,m,5.0
def_unk_2002_131,min_area,0.5,ha,0.5
def_unk_2002_131,min_canopy_cover,10.0,percent,10.0
def_unk_2002_131,min_height,5.0,m,5.0
def_unk_unknown_132,min_canopy_cover,40.0,percent,40.0
def_unk_unknown_132,min_height,3.0,meter,3.0
def_unk_1973_134,min_canopy_cover,25.0,percent,25.0
def_unk_1993_135,min_height,10.0,m,10.0
def_unk_1993_139,min_area,100.0,ha,100.0
def_unk_1993_139,min_canopy_cover,10.0,percent,10.0
def_unk_1993_139,min_height,5.0,meter,5.0
def_unk_1995_141,min_canopy_cover,20.0,percent,20.0
def_unk_1995_141,min_height,7.0,m,7.0
def_unk_1997_142,min_height,7.0,m,7.0
def_unk_1999_143,min_area,0.5,hectare,0.5
def_unk_1999_143,min_canopy_cover,10.0,percent,10.0
def_unk_1999_143,min_height,5.0,m,5.0
def_unk_2000_144,min_canopy_cover,40.0,percent,40.0
def_unk_2003_145,min_area,0.5,ha,0.5
def_unk_2005_146,min_area,0.5,hectare,0.5
def_unk_2005_146,min_canopy_cover,10.0,percent,10.0
def_unk_2005_146,min_height,5.0,meter,5.0
def_unk_2007_148,min_canopy_cover,10.0,percent,10.0
def_unk_2014_149,min_canopy_cover,10.0,percent,10.0
def_eur_unknown_152,min_area,0.5,ha,0.5
def_eur_unknown_152,min_canopy_cover,10.0,percent,10.0
def_unk_2010_153,min_area,0.5,hectare,0.5
def_unk_2010_153,min_canopy_cover,10.0,percent,10.0
def_unk_2010_153,min_height,5.0,metre,5.0
def_unk_2001_155,min_area,1.0,hectare,1.0
def_unk_2001_155,min_height,5.0,metre,5.0
def_unk_2005_156,min_area,0.5,hectare,0.5
def_unk_2005_156,min_height,5.0,metre,5.0
def_unk_2001_157,min_area,0.5,hectare,0.5
def_unk_2001_157,min_height,5.0,metre,5.0
def_unk_2000_161,min_canopy_cover,10.0,percent,10.0
def_unk_2005_163,min_area,0.5,hectare,0.5
def_unk_2005_163,min_canopy_cover,10.0,percent,10.0
def_unk_2005_163,min_height,5.0,meter,5.0
def_unk_2008_164,min_area,1.0,ha,1.0
def_unk_2008_164,min_canopy_cover,30.0,percent,30.0
def_unk_2008_164,min_height,5.0,m,5.0
def_unk_2012_165,min_height,5.0,meter,5.0
def_unk_unknown_166,min_area,1.0,hectare,1.0
def_unk_unknown_166,min_canopy_cover,10.0,percent,10.0
def_unk_unknown_166,min_height,2.0,meter,2.0
def_unk_2003_167,min_canopy_cover,60.0,percent,60.0
def_unk_2003_167,min_height,2.0,meter,2.0
def_unk_unknown_168,min_canopy_cover,10.0,percent,10.0
def_unk_unknown_169,min_area,0.5,hectare,0.5
def_unk_unknown_169,min_canopy_cover,10.0,percent,10.0
def_unk_unknown_169,min_height,5.0,meter,5.0
def_unk_unknown_170,min_area,1.0,hectare,1.0
def_unk_unknown_170,min_height,5.0,metre,5.0
def_eur_2009_172,min_area,0.5,ha,0.5
def_eur_2009_172,min_height,20.0,m,20.0
def_eur_unknown_173,min_area,0.5,ha,0.5
def_eur_unknown_173,min_canopy_cover,10.0,percent,10.0
def_eur_unknown_173,min_height,5.0,m,5.0
def_eur_unknown_173,min_width,20.0,m,20.0
def_unk_unknown_176,min_area,1.0,hectare,1.0
def_unk_unknown_176,min_height,5.0,metre,5.0
def_unk_2002_179,min_canopy_cover,10.0,percent,10.0
def_eur_unknown_180,min_area,0.5,ha,0.5
def_eur_unknown_180,min_canopy_cover,10.0,percent,10.0
def_eur_unknown_180,min_height,5.0,m,5.0
def_eur_unknown_180,min_width,20.0,m,20.0
def_unk_2010_183,min_area,0.5,ha,0.5
def_unk_2010_183,min_canopy_cover,10.0,percent,10.0
def_unk_2010_183,min_height,5.0,m,5.0
def_unk_2007_185,min_area,0.5,hectare,0.5
def_unk_2007_185,min_height,5.0,metre,5.0
def_unk_2001_186,min_area,0.5,hectare,0.5
def_unk_unknown_187,min_canopy_cover,30.0,percent,30.0
def_unk_unknown_187,min_height,7.0,m,7.0
def_unk_1995_195,min_height,34883.0,m,34883.0
def_unk_2001_197,min_area,0.5,ha,0.5
def_unk_2001_197,min_canopy_cover,10.0,percent,10.0
def_unk_2001_197,min_height,5.0,m,5.0
def_unk_2001_197,min_width,20.0,m,20.0
def_unk_2001_198,min_area,0.5,hectare,0.5
def_unk_2001_198,min_height,5.0,meter,5.0
def_unk_2001_198,min_width,20.0,m,20.0
def_unk_2004_199,min_area,0.5,hectare,0.5
def_unk_2004_199,min_canopy_cover,10.0,percent,10.0
def_unk_2004_199,min_height,5.0,meter,5.0
def_unk_2004_199,min_width,20.0,m,20.0
def_unk_2005_200,min_canopy_cover,10.0,percent,10.0
def_unk_2005_200,min_height,5.0,metre,5.0
def_unk_2006_201,min_area,0.5,hectare,0.5
def_unk_2006_202,min_area,0.5,hectare,0.5
def_unk_2006_202,min_canopy_cover,10.0,percent,10.0
def_unk_2006_202,min_height,5.0,metre,5.0
def_unk_2006_202,min_width,20.0,m,20.0
def_unk_2010_204,min_area,0.5,hectare,0.5
def_unk_2010_204,min_canopy_cover,10.0,percent,10.0
def_unk_2010_204,min_height,5.0,meter,5.0
def_unk_2010_204,min_width,20.0,meter,20.0
def_unk_1996_205,min_area,0.5,ha,0.5
def_unk_1996_205,min_canopy_cover,10.0,percent,10.0
def_unk_1996_205,min_height,5.0,m,5.0
def_unk_1996_205,min_width,20.0,m,20.0
def_unk_2013_207,min_area,0.5,hectare,0.5
def_unk_2013_207,min_canopy_cover,10.0,percent,10.0
def_unk_2013_207,min_height,5.0,meter,5.0
def_unk_1990_209,min_area,0.5,ha,0.5
def_unk_1990_209,min_canopy_cover,20.0,percent,20.0
def_unk_1990_209,min_height,7.0,m,7.0
def_unk_1990_209,min_width,15.0,m,15.0
def_unk_2000_210,min_area,0.5,ha,0.5
def_unk_2000_210,min_canopy_cover,10.0,percent,10.0
def_unk_2000_210,min_height,5.0,m,5.0
def_unk_2000_210,min_width,20.0,m,20.0
def_unk_2003_211,min_area,0.5,hectare,0.5
def_unk_2003_211,min_canopy_cover,10.0,percent,10.0
def_unk_2003_211,min_height,5.0,meter,5.0
def_unk_2003_211,min_width,20.0,meter,20.0
def_unk_2010_212,min_area,0.5,hectare,0.5
def_unk_2010_212,min_canopy_cover,10.0,percent,10.0
def_unk_2010_212,min_height,5.0,m,5.0
def_unk_unknown_213,min_canopy_cover,10.0,percent,10.0
def_unk_unknown_213,min_height,20.0,metre,20.0
def_unk_unknown_213,min_width,20.0,metre,20.0
def_unk_2001_214,min_area,1.0,hectare,1.0
def_unk_2001_214,min_height,5.0,metre,5.0
def_unk_unknown_215,min_height,2.0,m,2.0
def_unk_unknown_217,min_canopy_cover,40.0,percent,40.0
def_unk_unknown_217,min_height,5.0,meter,5.0
def_gre_2010_218,min_height,5.0,meter,5.0
def_eur_unknown_222,min_height,1.0,m,1.0
def_unk_1895_231,min_height,20.0,m,20.0
def_cze_unknown_235,min_area,0.01,ha,0.01
def_den_unknown_236,min_area,0.5,ha,0.5
def_geo_1999_242,min_area,0.1,ha,0.1
def_unk_1953_243,min_height,2.0,m,2.0
def_ind_1879_244,min_height,20.0,m,20.0
def_kos_2003_271,min_area,0.1,hectare,0.1
def_slo_unknown_298,min_area,0.01,ha,0.01
def_slo_1993_299,min_area,0.05,ha,0.05
def_afg_1999_326,min_canopy_cover,60.0,percent,60.0
def_alb_2004_327,min_canopy_cover,30.0,percent,30.0
def_alb_2006_328,min_height,0.1,m,0.1
def_alb_2007_329,min_area,0.1,ha,0.1
def_alb_2007_329,min_height,3.0,m,3.0
def_alb_2008_330,min_canopy_cover,30.0,percent,30.0
def_alb_2011_331,min_area,0.5,ha,0.5
def_alb_2011_331,min_canopy_cover,10.0,percent,10.0
def_alb_2011_331,min_height,20.0,m,20.0
def_alb_2011_331,min_width,20.0,m,20.0
def_alb_unknown_332,min_area,2.0,ha,2.0
def_alb_unknown_332,min_height,1000.0,m,1000.0
def_alb_unknown_333,min_area,0.1,ha,0.1
def_alb_unknown_333,min_canopy_cover,30.0,percent,30.0
def_alb_unknown_333,min_height,5.0,m,5.0
def_alb_unknown_334,min_height,5.0,m,5.0
def_arg_2003_336,min_area,0.5,ha,0.5
def_arg_2003_336,min_canopy_cover,10.0,percent,10.0
def_arg_2003_336,min_height,5.0,m,5.0
def_arg_2006_337,min_height,1.0,m,1.0
def_arg_2007_338,min_canopy_cover,20.0,percent,20.0
def_arg_2007_338,min_height,7.0,meter,7.0
def_aus_1970_341,min_canopy_cover,30.0,percent,30.0
def_aus_1970_341,min_height,5.0,m,5.0
def_aus_1992_342,min_canopy_cover,30.0,percent,30.0
def_aus_1992_342,min_height,5.0,m,5.0
def_aus_1992_343,min_canopy_cover,20.0,percent,20.0
def_aus_1992_343,min_height,2.0,metre,2.0
def_aus_1996_344,min_height,5.0,metre,5.0
def_aus_1998_345,min_canopy_cover,20.0,percent,20.0
def_aus_1998_345,min_height,2.0,metre,2.0
def_aus_2003_346,min_area,0.5,ha,0.5
def_aus_2003_346,min_canopy_cover,20.0,percent,20.0
def_aus_2003_346,min_height,2.0,m,2.0
def_aus_2003_347,min_canopy_cover,20.0,percent,20.0
def_aus_2003_347,min_height,2.0,m,2.0
def_aus_2004_348,min_canopy_cover,20.0,percent,20.0
def_aus_2005_349,min_canopy_cover,20.0,percent,20.0
def_aus_2005_349,min_height,2.0,m,2.0
def_aus_2008_350,min_height,0.2,m,0.2
def_aus_2009_351,min_canopy_cover,20.0,percent,20.0
def_aus_unknown_352,min_area,2.0,ha,2.0
def_aus_unknown_352,min_canopy_cover,20.0,percent,20.0
def_aus_unknown_352,min_height,2.0,metre,2.0
def_aus_unknown_354,min_height,5.0,metre,5.0
def_aus_1996_356,min_canopy_cover,30.0,percent,30.0
def_aus_1996_356,min_height,1000.0,m,1000.0
def_aus_1997_357,min_canopy_cover,30.0,percent,30.0
def_aus_1997_357,min_height,500.0,m,500.0
def_aus_1997_357,min_width,10.0,m,10.0
def_aus_2001_358,min_area,0.05,ha,0.05
def_aus_2001_358,min_canopy_cover,30.0,percent,30.0
def_aus_2001_358,min_height,10.0,m,10.0
def_aus_2001_358,min_width,10.0,m,10.0
def_aus_2006_359,min_height,0.05,m,0.05
def_aus_2009_360,min_area,0.05,ha,0.05
def_aus_2009_360,min_canopy_cover,30.0,percent,30.0
def_aus_2009_360,min_height,2.0,m,2.0
def_aze_2006_361,min_height,0.5,m,0.5
def_unk_2005_362,min_area,0.5,hectare,0.5
def_unk_2005_362,min_canopy_cover,10.0,percent,10.0
def_unk_2005_362,min_height,5.0,meter,5.0
def_unk_2011_364,min_height,5.0,meter,5.0
def_bel_2000_367,min_area,0.5,ha,0.5
def_bel_2000_367,min_height,25.0,m,25.0
def_bel_2000_367,min_width,25.0,m,25.0
def_bel_2006_368,min_area,0.1,ha,0.1
def_bel_2006_368,min_height,5.0,m,5.0
def_bel_2009_370,min_area,0.5,ha,0.5
def_bel_2009_370,min_canopy_cover,20.0,percent,20.0
def_bel_2010_371,min_area,0.1,ha,0.1
def_bel_2010_371,min_canopy_cover,10.0,percent,10.0
def_bel_2010_371,min_height,5.0,m,5.0
def_bel_2006_372,min_height,0.5,m,0.5
def_bel_2006_373,min_height,0.3,m,0.3
def_bol_2006_374,min_height,0.5,m,0.5
def_bos_unknown_377,min_area,0.1,hectare,0.1
def_bra_2006_378,min_height,1.0,m,1.0
def_bra_2009_379,min_area,1.0,hectare,1.0
def_bra_2009_379,min_canopy_cover,30.0,percent,30.0
def_bra_2009_379,min_height,5.0,metre,5.0
def_bul_2007_381,min_area,0.1,ha,0.1
def_bul_2007_382,min_area,0.1,ha,0.1
def_bul_2007_382,min_height,0.1,m,0.1
def_bul_2013_383,min_area,1.0,ha,1.0
def_bul_2013_383,min_height,10.0,m,10.0
def_bul_2013_383,min_width,10.0,m,10.0
def_bul_unknown_384,min_area,0.1,ha,0.1
def_bul_unknown_384,min_height,10.0,m,10.0
def_bul_unknown_384,min_width,10.0,m,10.0
def_bul_unknown_385,min_area,0.1,ha,0.1
def_unk_2007_386,min_area,0.05,ha,0.05
def_unk_2007_386,min_canopy_cover,10.0,percent,10.0
def_unk_2007_386,min_height,2.0,m,2.0
def_cam_2006_387,min_height,0.5,m,0.5
def_cam_2007_388,min_area,0.5,ha,0.5
def_cam_2007_388,min_height,5.0,m,5.0
def_cam_unknown_391,min_canopy_cover,30.0,percent,30.0
def_cam_unknown_391,min_height,5.0,m,5.0
def_can_2003_393,min_area,0.5,ha,0.5
def_can_2003_393,min_canopy_cover,20.0,percent,20.0
def_can_2003_393,min_height,5.0,m,5.0
def_can_2007_394,min_height,1.0,m,1.0
def_can_2011_395,min_canopy_cover,10.0,percent,10.0
def_can_2011_395,min_height,5.0,metre,5.0
def_can_unknown_396,min_area,1.0,ha,1.0
def_can_unknown_396,min_canopy_cover,25.0,percent,25.0
def_can_unknown_396,min_height,5.0,m,5.0
def_unk_2009_397,min_canopy_cover,60.0,percent,60.0
def_unk_2009_397,min_height,16.0,m,16.0
def_chi_1979_398,min_height,0.0,m,0.0
def_chi_1979_398,min_width,40.0,m,40.0
def_chi_2002_399,min_canopy_cover,25.0,percent,25.0
def_chi_2002_399,min_height,0.0,m,0.0
def_chi_2002_399,min_width,40.0,m,40.0
def_chi_2003_400,min_area,0.5,ha,0.5
def_chi_2003_400,min_canopy_cover,25.0,percent,25.0
def_chi_2003_400,min_height,2.0,m,2.0
def_chi_2008_401,min_canopy_cover,10.0,percent,10.0
def_chi_2008_401,min_height,5.0,m,5.0
def_chi_2008_401,min_width,40.0,meter,40.0
def_chi_unknown_402,min_area,0.5,hectare,0.5
def_chi_unknown_402,min_canopy_cover,25.0,percent,25.0
def_chi_unknown_402,min_height,5.0,meter,5.0
def_chi_unknown_403,min_canopy_cover,10.0,percent,10.0
def_chi_unknown_403,min_height,0.0,m,0.0
def_chi_2000_404,min_area,0.067,ha,0.067
def_chi_2000_404,min_canopy_cover,20.0,percent,20.0
def_chi_2000_404,min_height,5.0,m,5.0
def_chi_2003_405,min_area,0.5,ha,0.5
def_chi_2003_405,min_canopy_cover,20.0,percent,20.0
def_chi_2003_405,min_height,2.0,m,2.0
def_chi_2006_407,min_height,0.067,m,0.067
def_chi_2006_408,min_canopy_cover,30.0,percent,30.0
def_chi_2006_408,min_height,400.0,m,400.0
def_chi_unknown_409,min_area,0.2,ha,0.2
def_col_2006_410,min_height,1.0,m,1.0
def_con_2014_412,min_area,5.0,hectare,5.0
def_con_2014_412,min_height,3.0,m,3.0
def_cos_unknown_413,min_canopy_cover,70.0,percent,70.0
def_cos_2003_416,min_canopy_cover,70.0,percent,70.0
def_cos_2006_417,min_height,5.0,m,5.0
def_cos_2012_418,min_area,1.0,hectare,1.0
def_cos_2012_418,min_canopy_cover,30.0,percent,30.0
def_cos_2012_418,min_height,5.0,meter,5.0
def_cos_2014_419,min_area,1.0,ha,1.0
def_cos_2014_419,min_canopy_cover,30.0,percent,30.0
def_cos_2014_419,min_height,5.0,meter,5.0
def_unk_2006_421,min_height,0.1,m,0.1
def_cro_2008_423,min_height,0.1,m,0.1
def_cro_unknown_425,min_area,0.1,hectare,0.1
def_cro_unknown_425,min_canopy_cover,20.0,percent,20.0
def_cro_unknown_425,min_height,2.0,meter,2.0
def_cro_unknown_426,min_area,0.1,ha,0.1
def_cro_unknown_426,min_canopy_cover,20.0,percent,20.0
def_cro_unknown_426,min_height,1.0,m,1.0
def_unk_1992_428,min_area,1.0,ha,1.0
def_unk_1992_428,min_canopy_cover,10.0,percent,10.0
def_unk_2002_429,min_area,1.0,ha,1.0
def_unk_2002_429,min_canopy_cover,10.0,percent,10.0
def_unk_2006_430,min_area,1.0,ha,1.0
def_unk_2006_430,min_canopy_cover,10.0,percent,10.0
def_unk_2006_430,min_height,5.0,m,5.0
def_cze_2004_431,min_area,0.01,ha,0.01
def_cze_2004_431,min_height,4.0,m,4.0
def_cze_2004_431,min_width,4.0,m,4.0
def_cze_2006_432,min_height,0.05,m,0.05
def_cze_2009_433,min_area,0.05,ha,0.05
def_cze_2009_433,min_height,2.0,m,2.0
def_cze_unknown_434,min_canopy_cover,20.0,percent,20.0
def_con_2008_435,min_height,0.5,m,0.5
def_den_2004_436,min_height,20.0,metre,20.0
def_den_2004_436,min_width,20.0,metre,20.0
def_den_2009_437,min_area,0.5,ha,0.5
def_den_2009_437,min_canopy_cover,10.0,percent,10.0
def_den_2009_437,min_height,5.0,m,5.0
def_den_2009_437,min_width,10.0,m,10.0
def_den_2010_438,min_area,0.5,ha,0.5
def_den_2010_438,min_canopy_cover,10.0,percent,10.0
def_den_2010_438,min_height,5.0,m,5.0
def_den_unknown_439,min_area,3.0,ha,3.0
def_den_unknown_439,min_height,6.0,m,6.0
def_unk_2006_440,min_height,0.0629,m,0.0629
def_ecu_2006_441,min_height,1.0,m,1.0
def_ecu_2013_442,min_area,1.0,hectare,1.0
def_ecu_2013_442,min_canopy_cover,30.0,percent,30.0
def_ecu_2013_442,min_height,5.0,meter,5.0
def_unk_2003_443,min_canopy_cover,60.0,percent,60.0
def_unk_2003_443,min_height,2.0,meter,2.0
def_el _2006_444,min_height,0.5,m,0.5
def_est_1998_446,min_area,0.5,ha,0.5
def_est_1998_446,min_height,1.3,m,1.3
def_est_1998_447,min_area,5.0,ha,5.0
def_est_1998_447,min_height,3.0,m,3.0
def_est_2006_448,min_height,0.5,m,0.5
def_est_2007_449,min_area,0.1,hectare,0.1
def_est_2007_449,min_height,1.3,m,1.3
def_est_2009_450,min_area,0.5,ha,0.5
def_est_2009_450,min_canopy_cover,30.0,percent,30.0
def_est_2009_450,min_height,2.0,m,2.0
def_est_2010_451,min_area,0.5,ha,0.5
def_est_2010_451,min_canopy_cover,10.0,percent,10.0
def_est_2010_451,min_height,5.0,m,5.0
def_est_unknown_452,min_area,0.1,ha,0.1
def_est_unknown_452,min_height,1.3,m,1.3
def_est_unknown_454,min_area,0.5,ha,0.5
def_unk_1994_458,min_height,2.0,m,2.0
def_ken_1998_459,min_height,7.0,m,7.0
def_unk_2006_460,min_height,0.05,m,0.05
def_unk_2017_462,min_area,0.5,ha,0.5
def_unk_2017_462,min_canopy_cover,20.0,percent,20.0
def_unk_2017_462,min_height,20.0,m,20.0
def_unk_2017_462,min_width,20.0,m,20.0
def_unk_unknown_463,min_area,0.05,hectare,0.05
def_unk_unknown_463,min_canopy_cover,205.0,percent,205.0
def_unk_unknown_463,min_height,2.0,m,2.0
def_unk_unknown_464,min_area,0.05,hectare,0.05
def_unk_unknown_464,min_height,2.0,m,2.0
def_fij_1992_465,min_area,4.0,ha,4.0
def_fij_1992_465,min_canopy_cover,25.0,percent,25.0
def_fij_2007_466,min_area,4.0,hectare,4.0
def_fin_2006_468,min_height,0.5,m,0.5
def_fin_2009_469,min_area,0.5,ha,0.5
def_fin_2009_469,min_canopy_cover,10.0,percent,10.0
def_fin_2009_469,min_height,5.0,m,5.0
def_fin_2009_469,min_width,20.0,m,20.0
def_fra_1997_471,min_area,5.0,acre,2.02343
def_fra_1997_471,min_canopy_cover,10.0,percent,10.0
def_fra_1997_471,min_height,15.0,m,15.0
def_fra_1997_471,min_width,15.0,m,15.0
def_fra_2005_472,min_area,0.05,ha,0.05
def_fra_2005_472,min_canopy_cover,10.0,percent,10.0
def_fra_2005_472,min_height,7.0,m,7.0
def_fra_2005_472,min_width,25.0,m,25.0
def_fra_2006_473,min_height,0.5,m,0.5
def_fra_2009_474,min_area,0.5,ha,0.5
def_fra_2009_474,min_canopy_cover,10.0,percent,10.0
def_fra_2009_474,min_height,5.0,m,5.0
def_fra_2009_474,min_width,20.0,m,20.0
def_fra_2010_475,min_area,0.5,ha,0.5
def_fra_2010_475,min_canopy_cover,10.0,percent,10.0
def_fra_2010_475,min_height,15.0,m,15.0
def_fra_2010_475,min_width,15.0,m,15.0
def_fra_2010_476,min_area,0.5,ha,0.5
def_fra_2010_476,min_canopy_cover,10.0,percent,10.0
def_fra_2010_476,min_height,20.0,m,20.0
def_fra_2010_476,min_width,20.0,m,20.0
def_gab_2001_477,min_canopy_cover,20.0,percent,20.0
def_gab_2001_477,min_height,83.0,m,83.0
def_unk_unknown_478,min_canopy_cover,50.0,percent,50.0
def_unk_unknown_479,min_canopy_cover,50.0,percent,50.0
def_geo_1999_481,min_area,0.1,ha,0.1
def_geo_2010_483,min_area,0.5,ha,0.5
def_geo_2010_483,min_canopy_cover,10.0,percent,10.0
def_geo_2010_483,min_height,20.0,m,20.0
def_geo_2010_483,min_width,20.0,m,20.0
def_ger_2006_485,min_height,0.1,m,0.1
def_gha_1999_486,min_height,7.0,m,7.0
def_gha_2009_487,min_area,0.1,hectare,0.1
def_gha_2009_487,min_canopy_cover,15.0,percent,15.0
def_gha_2009_487,min_height,2.0,metre,2.0
def_gha_2006_488,min_area,0.1,ha,0.1
def_gha_2006_488,min_height,5.0,m,5.0
def_gre_2000_490,min_area,0.5,ha,0.5
def_gre_2000_490,min_canopy_cover,10.0,percent,10.0
def_gre_2000_490,min_height,5.0,meter,5.0
def_gre_2002_491,min_area,0.5,ha,0.5
def_gre_2002_491,min_height,30.0,m,30.0
def_gre_2002_491,min_width,30.0,m,30.0
def_gre_2003_492,min_canopy_cover,15.0,percent,15.0
def_gre_2006_493,min_area,0.3,ha,0.3
def_gre_2006_493,min_canopy_cover,25.0,percent,25.0
def_gre_2006_493,min_height,2.0,m,2.0
def_gre_2006_495,min_area,3.0,hectare,3.0
def_gre_2006_495,min_canopy_cover,30.0,percent,30.0
def_gre_2006_495,min_height,30.0,meter,30.0
def_gre_2006_495,min_width,30.0,meter,30.0
def_gre_2009_496,min_area,0.5,ha,0.5
def_gre_2009_496,min_canopy_cover,10.0,percent,10.0
def_gre_2009_496,min_height,30.0,m,30.0
def_gre_2009_496,min_width,30.0,m,30.0
def_gre_2011_497,min_area,0.5,ha,0.5
def_gre_2011_497,min_canopy_cover,10.0,percent,10.0
def_gre_2011_497,min_height,5.0,meter,5.0
def_gre_unknown_499,min_canopy_cover,20.0,percent,20.0
def_gre_unknown_499,min_height,7.0,m,7.0
def_gre_unknown_500,min_height,1.0,m,1.0
def_gua_1996_501,min_area,2.0,ha,2.0
def_gua_2006_502,min_height,0.5,m,0.5
def_unk_2007_503,min_area,0.5,ha,0.5
def_unk_2007_503,min_canopy_cover,30.0,percent,30.0
def_unk_2007_503,min_height,5.0,m,5.0
def_unk_2009_504,min_canopy_cover,10.0,percent,10.0
def_unk_2011_505,min_area,1.0,ha,1.0
def_unk_2011_505,min_canopy_cover,30.0,percent,30.0
def_unk_2011_505,min_height,5.0,m,5.0
def_unk_2015_506,min_area,1.0,ha,1.0
def_unk_2015_506,min_canopy_cover,30.0,percent,30.0
def_unk_2015_506,min_height,5.0,m,5.0
def_hon_2006_507,min_height,1.0,m,1.0
def_hun_2006_508,min_height,0.5,m,0.5
def_hun_2006_509,min_canopy_cover,30.0,percent,30.0
def_hun_2006_510,min_area,1000.0,ha,1000.0
def_hun_2006_510,min_canopy_cover,50.0,percent,50.0
def_hun_2009_511,min_area,0.5,ha,0.5
def_hun_2009_511,min_canopy_cover,30.0,percent,30.0
def_hun_2009_511,min_height,5.0,m,5.0
def_hun_unknown_512,min_area,15.0,ha,15.0
def_hun_unknown_513,min_canopy_cover,15.0,percent,15.0
def_unk_2006_514,min_height,0.5,m,0.5
def_unk_2010_515,min_area,0.5,ha,0.5
def_unk_2010_515,min_canopy_cover,10.0,percent,10.0
def_unk_2010_515,min_height,2.0,m,2.0
def_unk_2010_515,min_width,20.0,m,20.0
def_unk_2011_516,min_area,0.5,ha,0.5
def_unk_2011_516,min_canopy_cover,10.0,percent,10.0
def_unk_2011_516,min_height,5.0,m,5.0
def_unk_2011_517,min_canopy_cover,10.0,percent,10.0
def_unk_2011_517,min_height,2.0,m,2.0
def_unk_unknown_518,min_height,2.0,m,2.0
def_ind_1997_520,min_canopy_cover,10.0,percent,10.0
def_ind_2003_521,min_area,1.0,ha,1.0
def_ind_2003_521,min_canopy_cover,10.0,percent,10.0
def_ind_2006_522,min_height,0.05,m,0.05
def_ind_2008_524,min_canopy_cover,10.0,percent,10.0
def_ind_2017_525,min_canopy_cover,10.0,percent,10.0
def_ind_unknown_526,min_canopy_cover,10.0,percent,10.0
def_ind_2023_527,min_area,1.0,ha,1.0
def_ind_2023_527,min_canopy_cover,10.0,percent,10.0
def_ind_2023_527,min_height,23.5,m,23.5
def_ind_unknown_531,min_area,1.0,ha,1.0
def_ind_unknown_531,min_canopy_cover,30.0,percent,30.0
def_ind_unknown_531,min_height,5.0,m,5.0
def_ind_unknown_532,min_height,5.0,m,5.0
def_ind_unknown_533,min_area,0.25,ha,0.25
def_ind_unknown_533,min_canopy_cover,30.0,percent,30.0
def_ind_unknown_533,min_height,5.0,m,5.0
def_ind_2004_535,min_area,0.25,hectare,0.25
def_ind_2004_535,min_canopy_cover,30.0,percent,30.0
def_ind_2004_535,min_height,5.0,meter,5.0
def_ind_2015_536,min_area,6.25,ha,6.25
def_ira_1962_537,min_canopy_cover,5.0,percent,5.0
def_ira_unknown_539,min_canopy_cover,75.0,percent,75.0
def_ira_unknown_539,min_height,3.0,m,3.0
def_unk_2002_540,min_area,0.5,ha,0.5
def_unk_2002_540,min_canopy_cover,50.0,percent,50.0
def_unk_2002_540,min_height,40.0,m,40.0
def_unk_2002_540,min_width,40.0,m,40.0
def_unk_2006_541,min_canopy_cover,20.0,percent,20.0
def_unk_2006_541,min_height,0.1,m,0.1
def_unk_2006_541,min_width,5.0,metre,5.0
def_eur_2009_542,min_area,0.1,ha,0.1
def_eur_2009_542,min_canopy_cover,20.0,percent,20.0
def_eur_2009_542,min_height,5.0,m,5.0
def_eur_2009_542,min_width,20.0,m,20.0
def_unk_2010_543,min_area,0.5,ha,0.5
def_unk_2010_543,min_canopy_cover,10.0,percent,10.0
def_unk_2010_543,min_height,2.0,m,2.0
def_unk_2010_543,min_width,20.0,m,20.0
def_ita_1988_545,min_area,2.0,ha,2.0
def_ita_1988_545,min_canopy_cover,20.0,percent,20.0
def_ita_1988_545,min_height,20.0,m,20.0
def_ita_1988_545,min_width,20.0,m,20.0
def_ita_1998_546,min_canopy_cover,20.0,percent,20.0
def_ita_1998_546,min_height,2000.0,m,2000.0
def_ita_1998_546,min_width,20.0,m,20.0
def_ita_2006_547,min_height,0.5,m,0.5
def_ita_2007_548,min_canopy_cover,20.0,percent,20.0
def_ita_2007_548,min_height,2000.0,m,2000.0
def_ita_2007_548,min_width,20.0,m,20.0
def_ita_2009_549,min_area,0.5,ha,0.5
def_ita_2009_549,min_canopy_cover,10.0,percent,10.0
def_ita_2009_549,min_height,5.0,m,5.0
def_jam_1992_551,min_area,4.0,ha,4.0
def_jam_1992_551,min_canopy_cover,75.0,percent,75.0
def_jam_1992_551,min_height,7.0,m,7.0
def_jap_2003_553,min_area,0.3,ha,0.3
def_jap_2003_553,min_canopy_cover,30.0,percent,30.0
def_jap_2003_553,min_height,5.0,m,5.0
def_jap_unknown_554,min_canopy_cover,30.0,percent,30.0
def_ken_1965_556,min_canopy_cover,2063.0,percent,2063.0
def_ken_1965_556,min_height,40.0,m,40.0
def_ken_2005_558,min_area,10.0,ha,10.0
def_ken_2006_560,min_height,0.1,m,0.1
def_ken_unknown_561,min_canopy_cover,40.0,percent,40.0
def_ken_unknown_561,min_height,2.0,m,2.0
def_unk_2006_563,min_height,0.5,m,0.5
def_kos_2010_564,min_area,0.5,ha,0.5
def_kos_2010_564,min_canopy_cover,10.0,percent,10.0
def_kos_2010_564,min_height,5.0,m,5.0
def_kyr_unknown_565,min_canopy_cover,20.0,percent,20.0
def_kyr_unknown_565,min_height,25.0,meter,25.0
def_kyr_unknown_565,min_width,25.0,meter,25.0
def_kyr_2000_567,min_canopy_cover,20.0,percent,20.0
def_kyr_2000_567,min_height,25.0,metre,25.0
def_kyr_2000_567,min_width,25.0,metre,25.0
def_kyr_2006_568,min_height,0.5,m,0.5
def_unk_1992_570,min_area,0.5,ha,0.5
def_unk_1992_570,min_canopy_cover,20.0,percent,20.0
def_unk_2006_571,min_height,0.5,m,0.5
def_unk_2011_572,min_canopy_cover,20.0,percent,20.0
def_unk_unknown_573,min_area,0.5,ha,0.5
def_unk_unknown_573,min_height,5.0,m,5.0
def_unk_2015_574,min_area,0.5,ha,0.5
def_unk_2015_574,min_canopy_cover,20.0,percent,20.0
def_unk_2015_574,min_height,5.0,meter,5.0
def_lat_1937_575,min_height,7.0,m,7.0
def_lat_2000_576,min_canopy_cover,20.0,percent,20.0
def_lat_2000_577,min_area,0.1,ha,0.1
def_lat_2000_577,min_height,7.0,m,7.0
def_lat_2001_578,min_canopy_cover,20.0,percent,20.0
def_lat_2006_579,min_height,0.1,m,0.1
def_lat_2007_580,min_area,0.1,ha,0.1
def_lat_2007_580,min_height,20.0,meter,20.0
def_lat_2007_580,min_width,20.0,meter,20.0
def_lat_2010_582,min_area,0.1,ha,0.1
def_lat_2010_582,min_canopy_cover,20.0,percent,20.0
def_lat_2010_582,min_height,5.0,m,5.0
def_unk_unknown_583,min_area,0.5,hectare,0.5
def_unk_unknown_583,min_canopy_cover,10.0,percent,10.0
def_unk_unknown_583,min_height,5.0,meter,5.0
def_unk_1997_584,min_height,25.0,m,25.0
def_unk_1997_584,min_width,25.0,m,25.0
def_unk_2000_585,min_area,0.0625,ha,0.0625
def_unk_2000_585,min_canopy_cover,20.0,percent,20.0
def_unk_2000_585,min_height,25.0,m,25.0
def_unk_2000_585,min_width,25.0,m,25.0
def_lit_2009_586,min_area,0.1,ha,0.1
def_lit_2009_586,min_height,5.0,m,5.0
def_lit_unknown_588,min_area,0.1,ha,0.1
def_lit_unknown_588,min_height,5.0,m,5.0
def_unk_2003_589,min_area,0.5,ha,0.5
def_unk_2003_589,min_canopy_cover,10.0,percent,10.0
def_unk_2003_589,min_height,5.0,m,5.0
def_unk_2006_590,min_height,0.5,m,0.5
def_eur_2009_591,min_area,0.5,ha,0.5
def_eur_2009_591,min_canopy_cover,10.0,percent,10.0
def_eur_2009_591,min_height,5.0,m,5.0
def_mac_1997_592,min_area,2.0,acre,0.809372
def_mad_2006_593,min_height,1.0,m,1.0
def_unk_2000_594,min_area,100.0,ha,100.0
def_unk_2000_594,min_canopy_cover,80.0,percent,80.0
def_mal_2006_596,min_height,0.5,m,0.5
def_mal_2016_599,min_area,0.5,ha,0.5
def_mal_2016_599,min_canopy_cover,30.0,percent,30.0
def_mal_2016_599,min_height,5.0,m,5.0
def_unk_2006_600,min_height,1.0,m,1.0
def_unk_1982_602,min_height,2244.0,m,2244.0
def_mex_2003_605,min_area,25.0,ha,25.0
def_mex_2003_605,min_canopy_cover,10.0,percent,10.0
def_mex_2003_605,min_height,3.0,m,3.0
def_mex_2005_606,min_area,1.0,ha,1.0
def_mex_2005_606,min_canopy_cover,2016.0,percent,2016.0
def_mex_2005_606,min_height,2.0,m,2.0
def_mex_2006_607,min_height,1.0,m,1.0
def_mex_1997_609,min_area,25.0,ha,25.0
def_mex_1997_609,min_height,1997.0,m,1997.0
def_mex_1997_610,min_area,25.0,ha,25.0
def_mex_unknown_614,min_height,500.0,m,500.0
def_mol_2011_616,min_area,0.5,ha,0.5
def_mol_2011_616,min_canopy_cover,10.0,percent,10.0
def_mol_2011_616,min_height,5.0,m,5.0
def_mol_2007_617,min_area,0.25,ha,0.25
def_mol_2007_617,min_canopy_cover,30.0,percent,30.0
def_mol_2007_617,min_height,5.0,m,5.0
def_unk_2006_618,min_height,0.5,m,0.5
def_mon_2006_619,min_height,1.0,m,1.0
def_mon_2007_620,min_area,1.0,ha,1.0
def_mon_2007_620,min_canopy_cover,10.0,percent,10.0
def_mon_2007_620,min_height,2.0,m,2.0
def_mon_2000_621,min_area,0.05,ha,0.05
def_unk_2006_622,min_height,1.0,m,1.0
def_unk_unknown_623,min_area,3.0,ha,3.0
def_unk_unknown_623,min_canopy_cover,20.0,percent,20.0
def_unk_unknown_623,min_height,8.0,m,8.0
def_moz_2007_624,min_area,1.0,ha,1.0
def_moz_2007_624,min_canopy_cover,30.0,percent,30.0
def_moz_2007_624,min_height,5.0,m,5.0
def_mya_2006_625,min_height,1.0,m,1.0
def_mya_2007_626,min_area,0.1,ha,0.1
def_mya_2007_626,min_canopy_cover,10.0,percent,10.0
def_mya_2007_626,min_height,2.0,m,2.0
def_unk_1997_627,min_canopy_cover,20.0,percent,20.0
def_unk_1997_627,min_height,5.0,m,5.0
def_unk_2011_628,min_area,0.5,ha,0.5
def_unk_2011_628,min_canopy_cover,15.0,percent,15.0
def_unk_2011_628,min_height,5.0,m,5.0
def_nep_1999_630,min_canopy_cover,10.0,percent,10.0
def_net_1997_631,min_area,0.5,ha,0.5
def_net_1997_631,min_canopy_cover,20.0,percent,20.0
def_net_1997_631,min_height,30.0,m,30.0
def_net_1997_631,min_width,30.0,m,30.0
def_net_2006_632,min_area,0.5,ha,0.5
def_net_2006_632,min_canopy_cover,10.0,percent,10.0
def_net_2006_632,min_height,5.0,m,5.0
def_net_2009_634,min_area,0.5,ha,0.5
def_net_2009_634,min_canopy_cover,20.0,percent,20.0
def_net_2009_634,min_height,5.0,m,5.0
def_net_2009_634,min_width,30.0,m,30.0
def_new_1998_635,min_area,5.0,hectare,5.0
def_new_1998_635,min_canopy_cover,20.0,percent,20.0
def_new_1998_635,min_height,6.0,metre,6.0
def_new_2003_636,min_area,0.5,ha,0.5
def_new_2003_636,min_canopy_cover,20.0,percent,20.0
def_new_2003_636,min_height,6.0,m,6.0
def_new_2006_637,min_height,1.0,m,1.0
def_new_unknown_638,min_area,1.0,hectare,1.0
def_new_unknown_638,min_height,5.0,metre,5.0
def_new_unknown_638,min_width,30.0,metre,30.0
def_nic_2006_639,min_height,1.0,m,1.0
def_unk_2006_641,min_height,1.0,m,1.0
def_unk_2011_642,min_area,1.0,hectare,1.0
def_unk_2011_642,min_canopy_cover,30.0,percent,30.0
def_unk_2011_642,min_height,4.0,meter,4.0
def_nor_2006_646,min_height,0.5,m,0.5
def_nor_2010_647,min_area,0.5,ha,0.5
def_nor_2010_647,min_height,5.0,m,5.0
def_pak_2006_649,min_height,0.05,m,0.05
def_pak_2007_650,min_area,0.05,ha,0.05
def_pak_2007_650,min_canopy_cover,30.0,percent,30.0
def_pak_2007_650,min_height,3.0,meter,3.0
def_pan_2006_651,min_height,1.0,m,1.0
def_pap_unknown_652,min_area,100.0,hectare,100.0
def_par_2006_654,min_height,0.5,m,0.5
def_per_2006_655,min_height,0.5,m,0.5
def_per_2010_656,min_area,0.5,ha,0.5
def_per_2010_656,min_height,5.0,m,5.0
def_per_2014_657,min_area,0.09,hectare,0.09
def_per_2015_658,min_area,0.5,hectare,0.5
def_per_2015_658,min_canopy_cover,10.0,percent,10.0
def_per_2015_658,min_height,20.0,m,20.0
def_per_2015_658,min_width,20.0,m,20.0
def_per_2015_659,min_area,0.5,hectare,0.5
def_per_2015_659,min_canopy_cover,30.0,percent,30.0
def_per_2015_659,min_height,5.0,m,5.0
def_phi_2000_660,min_area,0.5,hectare,0.5
def_phi_2000_660,min_canopy_cover,10.0,percent,10.0
def_phi_2000_660,min_height,5.0,meter,5.0
def_phi_2000_660,min_width,20.0,meter,20.0
def_phi_2006_661,min_height,0.5,m,0.5
def_phi_unknown_663,min_canopy_cover,3638.0,percent,3638.0
def_phi_unknown_664,min_height,60.0,meter,60.0
def_phi_unknown_664,min_width,60.0,meter,60.0
def_pol_2009_665,min_area,0.1,ha,0.1
def_pol_2009_665,min_height,2.0,m,2.0
def_pol_unknown_666,min_area,0.1,ha,0.1
def_pol_1991_667,min_area,0.1,ha,0.1
def_pol_2000_668,min_height,15.0,m,15.0
def_pol_2000_668,min_width,15.0,m,15.0
def_por_1994_669,min_canopy_cover,15.0,percent,15.0
def_por_1994_669,min_height,5.0,m,5.0
def_por_2006_670,min_height,1.0,m,1.0
def_por_2009_671,min_area,0.5,ha,0.5
def_por_2009_671,min_canopy_cover,10.0,percent,10.0
def_por_2009_671,min_height,5.0,m,5.0
def_por_2009_671,min_width,20.0,m,20.0
def_rom_1996_672,min_area,0.25,ha,0.25
def_rom_2000_673,min_area,0.25,ha,0.25
def_rom_unknown_674,min_area,0.25,ha,0.25
def_usa_2003_680,min_area,0.5,ha,0.5
def_usa_2003_680,min_canopy_cover,30.0,percent,30.0
def_unk_2007_681,min_height,0.5,m,0.5
def_unk_2006_683,min_height,0.05,m,0.05
def_unk_2006_684,min_area,0.5,ha,0.5
def_unk_2006_684,min_canopy_cover,20.0,percent,20.0
def_unk_2006_684,min_height,7.0,m,7.0
def_unk_2010_685,min_area,0.5,ha,0.5
def_unk_2010_685,min_canopy_cover,10.0,percent,10.0
def_unk_2010_685,min_height,5.0,meter,5.0
def_unk_2006_686,min_height,0.5,m,0.5
def_unk_2011_687,min_area,0.5,ha,0.5
def_unk_2011_687,min_canopy_cover,10.0,percent,10.0
def_unk_2011_687,min_height,20.0,m,20.0
def_unk_2011_687,min_width,20.0,m,20.0
def_unk_2009_688,min_area,0.3,ha,0.3
def_unk_2009_688,min_canopy_cover,20.0,percent,20.0
def_unk_2009_688,min_height,5.0,m,5.0
def_slo_1994_690,min_height,0.05,m,0.05
def_slo_2006_692,min_height,0.05,m,0.05
def_slo_2007_693,min_area,0.25,ha,0.25
def_slo_2007_693,min_height,5.0,m,5.0
def_slo_2009_694,min_area,0.25,ha,0.25
def_slo_2009_694,min_canopy_cover,75.0,percent,75.0
def_slo_2009_694,min_height,5.0,m,5.0
def_slo_unknown_696,min_area,0.05,ha,0.05
def_ken_unknown_698,min_height,10.0,m,10.0
def_sou_1998_700,min_height,6.0,m,6.0
def_sou_1999_701,min_canopy_cover,75.0,percent,75.0
def_sou_1999_701,min_height,10.0,m,10.0
def_sou_2002_702,min_canopy_cover,75.0,percent,75.0
def_sou_2006_703,min_height,0.05,m,0.05
def_sou_unknown_704,min_canopy_cover,10.0,percent,10.0
def_sou_unknown_706,min_height,20.0,m,20.0
def_spa_1997_708,min_canopy_cover,10.0,percent,10.0
def_spa_2006_709,min_height,1.0,m,1.0
def_spa_2008_710,min_canopy_cover,10.0,percent,10.0
def_spa_2010_711,min_area,1.0,ha,1.0
def_spa_2010_711,min_canopy_cover,20.0,percent,20.0
def_spa_2010_711,min_height,3.0,m,3.0
def_spa_2010_712,min_area,0.25,ha,0.25
def_spa_2010_712,min_canopy_cover,5.0,percent,5.0
def_spa_2010_712,min_height,20.0,m,20.0
def_spa_2010_712,min_width,20.0,m,20.0
def_unk_2006_713,min_height,0.05,m,0.05
def_unk_2010_714,min_area,0.05,hectare,0.05
def_unk_2010_714,min_canopy_cover,20.0,percent,20.0
def_unk_2010_714,min_height,3.0,m,3.0
def_ken_unknown_718,min_height,10.0,m,10.0
def_swe_2000_721,min_area,0.25,ha,0.25
def_swe_2000_721,min_canopy_cover,20.0,percent,20.0
def_swe_2006_722,min_height,0.5,m,0.5
def_swe_2009_723,min_area,0.5,ha,0.5
def_swe_2009_723,min_canopy_cover,10.0,percent,10.0
def_swe_2009_723,min_height,5.0,m,5.0
def_swe_2010_724,min_area,0.25,ha,0.25
def_swe_2010_724,min_height,0.25,m,0.25
def_swi_1997_725,min_height,25.0,m,25.0
def_swi_1997_725,min_width,25.0,m,25.0
def_swi_2006_726,min_canopy_cover,20.0,percent,20.0
def_swi_2006_726,min_height,3.0,m,3.0
def_swi_2006_726,min_width,50.0,m,50.0
def_tan_2002_731,min_canopy_cover,10.0,percent,10.0
def_tan_2002_732,min_canopy_cover,10.0,percent,10.0
def_tan_2008_733,min_area,1.0,ha,1.0
def_tan_2008_733,min_canopy_cover,30.0,percent,30.0
def_tan_2008_733,min_height,3.0,m,3.0
def_tan_2007_734,min_area,1.0,ha,1.0
def_tan_2007_734,min_canopy_cover,30.0,percent,30.0
def_tan_2007_734,min_height,2.0,m,2.0
def_tan_unknown_735,min_height,8.0,m,8.0
def_tha_2001_737,min_canopy_cover,10.0,percent,10.0
def_tha_2006_738,min_height,0.16,m,0.16
def_unk_2006_740,min_height,0.5,m,0.5
def_unk_2006_741,min_height,0.4,m,0.4
def_tur_1937_744,min_area,5.0,ha,5.0
def_tur_2000_750,min_area,3.0,ha,3.0
def_tur_2010_755,min_area,0.5,hectare,0.5
def_tur_2010_755,min_canopy_cover,10.0,percent,10.0
def_tur_2010_755,min_height,5.0,meter,5.0
def_tur_2010_756,min_canopy_cover,100.0,percent,100.0
def_tur_2011_757,min_area,0.5,ha,0.5
def_tur_2011_757,min_canopy_cover,10.0,percent,10.0
def_tur_2011_757,min_height,20.0,m,20.0
def_tur_2011_757,min_width,20.0,m,20.0
def_tur_2013_758,min_height,5.0,m,5.0
def_uga_2006_760,min_height,1.0,m,1.0
def_uga_2008_761,min_canopy_cover,30.0,percent,30.0
def_uga_2008_761,min_height,5.0,metre,5.0
def_uga_2017_762,min_canopy_cover,40.0,percent,40.0
def_uga_2017_762,min_height,4.0,m,4.0
def_uga_unknown_763,min_area,1.0,hectare,1.0
def_uga_unknown_763,min_canopy_cover,30.0,percent,30.0
def_uga_unknown_763,min_height,5.0,meter,5.0
def_ukr_2006_766,min_height,0.1,m,0.1
def_ukr_2006_767,min_area,0.1,ha,0.1
def_uni_2006_768,min_height,0.1,m,0.1
def_uni_2006_769,min_canopy_cover,25.0,percent,25.0
def_uni_2006_769,min_height,5.0,m,5.0
def_uni_2009_770,min_area,0.1,ha,0.1
def_uni_2009_770,min_canopy_cover,20.0,percent,20.0
def_uni_2009_770,min_height,2.0,m,2.0
def_uni_2009_770,min_width,20.0,m,20.0
def_uni_2009_771,min_area,0.5,ha,0.5
def_uni_2009_771,min_canopy_cover,20.0,percent,20.0
def_uni_2009_771,min_height,20.0,m,20.0
def_uni_2009_771,min_width,20.0,m,20.0
def_uni_2010_772,min_area,2.0,ha,2.0
def_uni_2010_772,min_canopy_cover,20.0,percent,20.0
def_uni_2010_772,min_height,50.0,m,50.0
def_uni_1858_773,min_canopy_cover,20.0,percent,20.0
def_uni_1858_773,min_height,5.0,m,5.0
def_uru_1988_776,min_height,500.0,m,500.0
def_uru_2006_777,min_height,0.25,m,0.25
def_usa_2003_778,min_area,0.5,ha,0.5
def_usa_2003_778,min_canopy_cover,30.0,percent,30.0
def_usa_unknown_779,min_height,20.0,meter,20.0
def_usa_1873_781,min_area,40.0,acre,16.18744
def_usa_unknown_783,min_height,20.0,feet,6.096
def_usa_1905_784,min_canopy_cover,20.0,percent,20.0
def_usa_2007_788,min_height,5.0,meter,5.0
def_usa_2004_789,min_height,6.0,meter,6.0
def_usa_1992_791,min_canopy_cover,100.0,percent,100.0
def_usa_1992_791,min_height,6.0,meter,6.0
def_usa_1994_792,min_canopy_cover,100.0,percent,100.0
def_usa_1994_792,min_height,5.0,m,5.0
def_usa_2008_794,min_canopy_cover,25.0,percent,25.0
def_usa_2001_795,min_height,14.0,m,14.0
def_usa_unknown_798,min_height,10.0,m,10.0
def_chi_1933_800,min_height,10.0,m,10.0
def_unk_unknown_802,min_height,10.0,m,10.0
def_ven_1977_804,min_height,5.0,m,5.0
def_vie_1998_805,min_canopy_cover,30.0,percent,30.0
def_vie_2006_806,min_height,0.5,m,0.5
def_vie_unknown_807,min_area,0.5,ha,0.5
def_vie_unknown_807,min_canopy_cover,30.0,percent,30.0
def_vie_unknown_807,min_height,3.0,m,3.0
def_yem_2006_808,min_height,0.5,m,0.5
def_yem_unknown_809,min_area,3.0,ha,3.0
def_yem_unknown_809,min_canopy_cover,10.0,percent,10.0
def_yem_unknown_809,min_height,8.0,m,8.0
def_zim_2002_810,min_canopy_cover,80.0,percent,80.0
def_zim_2002_810,min_height,15.0,m,15.0
def_zim_unknown_811,min_canopy_cover,80.0,percent,80.0
def_zim_unknown_811,min_height,15.0,metre,15.0
def_arm_2005_813,min_area,1.0,ha,1.0
def_arm_2005_813,min_canopy_cover,30.0,percent,30.0
def_arm_2005_813,min_height,10.0,m,10.0
def_arm_2005_813,min_width,10.0,m,10.0
def_aus_unknown_814,min_height,5.0,metre,5.0
def_aus_1977_815,min_height,1000.0,m,1000.0
def_aus_1977_815,min_width,10.0,m,10.0
def_unk_2011_816,min_height,5.0,meter,5.0
def_bel_2006_817,min_area,0.1,hectare,0.1
def_bel_2006_817,min_height,0.1,m,0.1
def_bos_2001_822,min_area,0.1,hectare,0.1
def_bos_2013_823,min_area,0.16,ha,0.16
def_bos_2013_823,min_canopy_cover,20.0,percent,20.0
def_bos_2013_823,min_height,20.0,m,20.0
def_bos_2013_823,min_width,20.0,m,20.0
def_bul_2007_824,min_area,0.1,ha,0.1
def_bul_2007_824,min_canopy_cover,10.0,percent,10.0
def_bul_2007_824,min_height,5.0,meter,5.0
def_bul_2007_824,min_width,10.0,meter,10.0
def_unk_1985_826,min_height,25.0,m,25.0
def_cam_1994_828,min_area,0.0,hectare,0.0
def_col_2014_834,min_area,1.0,ha,1.0
def_col_2014_834,min_canopy_cover,30.0,percent,30.0
def_col_2014_834,min_height,5.0,meter,5.0
def_mad_1930_835,min_height,2302.0,m,2302.0
def_cro_2010_837,min_height,100.0,m,100.0
def_unk_2002_839,min_area,1.0,ha,1.0
def_unk_2002_839,min_canopy_cover,10.0,percent,10.0
def_unk_2002_839,min_height,5.0,m,5.0
def_cze_1995_840,min_height,1995.0,m,1995.0
def_cze_1997_841,min_area,0.01,ha,0.01
def_cze_1997_841,min_height,4.0,m,4.0
def_cze_1997_841,min_width,4.0,m,4.0
def_cze_2004_842,min_area,0.01,ha,0.01
def_cze_2004_842,min_height,4.0,m,4.0
def_cze_2004_842,min_width,4.0,m,4.0
def_cze_unknown_843,min_area,0.01,ha,0.01
def_cze_unknown_843,min_height,4.0,m,4.0
def_cze_unknown_843,min_width,4.0,m,4.0
def_cze_unknown_844,min_height,4.0,m,4.0
def_cze_unknown_844,min_width,4.0,m,4.0
def_den_1998_845,min_area,0.5,ha,0.5
def_den_1998_845,min_height,30.0,m,30.0
def_den_2006_846,min_area,0.5,ha,0.5
def_den_2006_846,min_height,0.5,m,0.5
def_den_2006_846,min_width,20.0,m,20.0
def_den_2011_847,min_area,0.5,ha,0.5
def_den_2011_847,min_canopy_cover,10.0,percent,10.0
def_den_2011_847,min_height,5.0,m,5.0
def_den_1992_848,min_area,0.5,ha,0.5
def_den_1992_848,min_canopy_cover,50.0,percent,50.0
def_den_1992_848,min_height,6.0,m,6.0
def_est_2002_850,min_area,5.0,ha,5.0
def_est_2002_850,min_canopy_cover,30.0,percent,30.0
def_est_2002_850,min_height,3.0,m,3.0
def_est_2005_851,min_area,0.1,ha,0.1
def_est_2005_851,min_canopy_cover,30.0,percent,30.0
def_est_2005_851,min_height,1.3,m,1.3
def_est_2006_852,min_area,0.1,hectare,0.1
def_est_2006_852,min_height,1.3,metre,1.3
def_est_2010_853,min_area,0.5,ha,0.5
def_est_2010_853,min_canopy_cover,30.0,percent,30.0
def_est_2010_853,min_height,5.0,m,5.0
def_est_unknown_854,min_area,1.0,ha,1.0
def_est_unknown_854,min_height,1.3,m,1.3
def_fij_2016_856,min_area,0.5,hectare,0.5
def_fij_2016_856,min_canopy_cover,10.0,percent,10.0
def_fij_2016_856,min_height,5.0,metre,5.0
def_fin_2000_857,min_area,0.5,ha,0.5
def_fin_2000_857,min_canopy_cover,10.0,percent,10.0
def_fin_2000_857,min_height,5.0,m,5.0
def_fin_2009_858,min_height,1.0,m,1.0
def_fra_2011_859,min_area,50.0,acre,20.2343
def_fra_2011_859,min_canopy_cover,10.0,percent,10.0
def_fra_2011_859,min_height,20.0,meter,20.0
def_fra_2011_859,min_width,20.0,meter,20.0
def_ger_2001_862,min_canopy_cover,50.0,percent,50.0
def_ger_2001_862,min_height,1000.0,m,1000.0
def_ger_2001_862,min_width,10.0,m,10.0
def_ger_2002_863,min_canopy_cover,50.0,percent,50.0
def_ger_2002_863,min_height,1000.0,m,1000.0
def_ger_2002_863,min_width,10.0,m,10.0
def_gha_2006_865,min_height,0.1,m,0.1
def_gre_1992_866,min_area,0.5,ha,0.5
def_gre_1992_866,min_canopy_cover,10.0,percent,10.0
def_gre_1992_866,min_height,30.0,m,30.0
def_gre_1992_866,min_width,30.0,m,30.0
def_gre_1997_867,min_area,0.5,ha,0.5
def_gre_1997_867,min_canopy_cover,10.0,percent,10.0
def_gre_1997_867,min_height,30.0,m,30.0
def_gre_2001_868,min_area,0.5,ha,0.5
def_gre_2001_868,min_canopy_cover,10.0,percent,10.0
def_gre_2001_868,min_height,30.0,m,30.0
def_gre_2002_869,min_area,0.05,ha,0.05
def_gre_2002_869,min_canopy_cover,10.0,percent,10.0
def_gre_2002_869,min_height,30.0,m,30.0
def_gre_2008_870,min_area,0.5,ha,0.5
def_gre_2008_870,min_canopy_cover,10.0,percent,10.0
def_gre_2008_870,min_height,30.0,m,30.0
def_gre_2008_870,min_width,30.0,m,30.0
def_gre_2013_871,min_area,0.5,ha,0.5
def_gre_2013_871,min_canopy_cover,10.0,percent,10.0
def_gre_2013_871,min_height,5.0,m,5.0
def_gre_2013_871,min_width,30.0,m,30.0
def_hun_1996_873,min_canopy_cover,30.0,percent,30.0
def_hun_unknown_875,min_area,0.15,ha,0.15
def_hun_unknown_876,min_area,0.15,ha,0.15
def_unk_2010_877,min_area,0.5,ha,0.5
def_unk_2010_877,min_canopy_cover,10.0,percent,10.0
def_unk_2010_877,min_height,2.0,m,2.0
def_unk_2010_877,min_width,20.0,m,20.0
def_unk_2014_883,min_area,0.1,hectare,0.1
def_ita_2007_885,min_area,0.5,ha,0.5
def_ita_2007_885,min_canopy_cover,10.0,percent,10.0
def_ita_2007_885,min_height,5.0,m,5.0
def_ita_2007_885,min_width,20.0,m,20.0
def_jap_2006_887,min_height,0.3,m,0.3
def_lat_2000_898,min_area,0.1,ha,0.1
def_lat_2000_898,min_canopy_cover,20.0,percent,20.0
def_lat_2000_898,min_height,7.0,m,7.0
def_unk_2017_901,min_area,1.0,hectare,1.0
def_unk_2017_901,min_canopy_cover,30.0,percent,30.0
def_unk_2017_901,min_height,5.0,meter,5.0
def_unk_2006_902,min_height,0.25,m,0.25
def_lit_2001_903,min_area,0.1,hectare,0.1
def_lit_2001_903,min_height,5.0,meter,5.0
def_lit_2006_904,min_height,0.1,m,0.1
def_lit_2010_905,min_area,0.1,ha,0.1
def_lit_2010_905,min_height,5.0,m,5.0
def_lit_unknown_906,min_area,0.1,ha,0.1
def_lit_unknown_906,min_height,10.0,metre,10.0
def_lit_unknown_907,min_area,1.0,ha,1.0
def_lit_unknown_907,min_height,10.0,m,10.0
def_unk_unknown_910,min_area,5.0,ha,5.0
def_unk_unknown_910,min_height,5.0,m,5.0
def_unk_1986_915,min_height,2238.0,m,2238.0
def_unk_2003_916,min_height,5.0,m,5.0
def_unk_unknown_918,min_height,8.0,m,8.0
def_nep_2002_919,min_area,1.0,hectare,1.0
def_nep_2002_919,min_height,100.0,m,100.0
def_nep_2002_919,min_width,100.0,m,100.0
def_nep_unknown_920,min_canopy_cover,10.0,percent,10.0
def_net_2006_921,min_area,5.0,ha,5.0
def_net_2006_921,min_height,0.5,m,0.5
def_net_2006_921,min_width,30.0,m,30.0
def_new_2006_923,min_area,0.5,ha,0.5
def_new_2006_923,min_canopy_cover,30.0,percent,30.0
def_new_2006_923,min_height,5.0,m,5.0
def_new_2006_923,min_width,5.0,metre,5.0
def_new_2011_924,min_area,1.0,hectare,1.0
def_new_2011_924,min_canopy_cover,30.0,percent,30.0
def_new_2011_924,min_height,30.0,metre,30.0
def_new_2011_924,min_width,30.0,metre,30.0
def_new_unknown_925,min_canopy_cover,30.0,percent,30.0
def_new_unknown_925,min_height,30.0,metre,30.0
def_new_unknown_925,min_width,30.0,metre,30.0
def_unk_1974_926,min_height,4.0,m,4.0
def_nor_1992_927,min_area,0.5,ha,0.5
def_nor_1992_927,min_canopy_cover,10.0,percent,10.0
def_nor_1992_927,min_height,5.0,m,5.0
def_par_2015_931,min_area,1.0,ha,1.0
def_par_2015_931,min_height,3.0,m,3.0
def_pol_1997_934,min_area,0.1,ha,0.1
def_pol_2006_935,min_height,0.1,m,0.1
def_pol_2010_936,min_area,0.1,ha,0.1
def_por_1997_939,min_height,2000.0,m,2000.0
def_por_1997_939,min_width,15.0,m,15.0
def_rom_2007_940,min_area,0.5,ha,0.5
def_rom_2007_940,min_height,0.25,m,0.25
def_rom_2007_940,min_width,20.0,m,20.0
def_mon_unknown_945,min_area,0.5,ha,0.5
def_ser_2010_946,min_area,0.01,ha,0.01
def_slo_2006_947,min_height,0.3,m,0.3
def_slo_unknown_950,min_area,0.3,ha,0.3
def_slo_unknown_950,min_canopy_cover,20.0,percent,20.0
def_slo_unknown_950,min_height,5.0,m,5.0
def_slo_unknown_950,min_width,20.0,m,20.0
def_slo_1993_951,min_area,0.05,ha,0.05
def_slo_2011_952,min_area,0.25,ha,0.25
def_slo_2011_952,min_canopy_cover,75.0,percent,75.0
def_slo_2011_952,min_height,5.0,m,5.0
def_sou_unknown_957,min_canopy_cover,202001.0,percent,202001.0
def_unk_unknown_958,min_height,5.0,meter,5.0
def_spa_1998_959,min_area,0.25,ha,0.25
def_spa_1998_959,min_canopy_cover,5.0,percent,5.0
def_spa_1998_959,min_height,7.0,m,7.0
def_swe_1992_961,min_canopy_cover,0.0,percent,0.0
def_swe_1992_961,min_height,1.0,m,1.0
def_swe_1997_962,min_area,0.25,ha,0.25
def_swe_1997_962,min_height,1.0,m,1.0
def_swe_2009_963,min_canopy_cover,10.0,percent,10.0
def_swe_2009_963,min_height,5.0,m,5.0
def_swi_2006_966,min_height,0.25,m,0.25
def_unk_unknown_967,min_area,0.5,hectare,0.5
def_unk_unknown_967,min_height,50.0,meter,50.0
def_unk_unknown_967,min_width,50.0,meter,50.0
def_tan_2002_969,min_canopy_cover,10.0,percent,10.0
def_tan_2016_970,min_area,0.5,ha,0.5
def_tan_2016_970,min_canopy_cover,10.0,percent,10.0
def_tan_2016_970,min_height,2.5,m,2.5
def_tur_1956_974,min_area,3.0,ha,3.0
def_tur_1956_974,min_height,8.0,m,8.0
def_ukr_2006_975,min_area,0.1,ha,0.1
def_uni_2010_976,min_canopy_cover,20.0,percent,20.0
def_uni_1997_977,min_area,1.0,ha,1.0
def_uni_1997_977,min_canopy_cover,20.0,percent,20.0
def_uni_1997_977,min_height,50.0,m,50.0
def_uni_1997_977,min_width,50.0,m,50.0
def_uni_2009_978,min_area,0.1,hectare,0.1
def_uni_2009_978,min_height,20.0,metre,20.0
def_uni_2009_978,min_width,20.0,metre,20.0
def_usa_2006_980,min_area,1.0,acre,0.404686
def_usa_2006_980,min_canopy_cover,10.0,percent,10.0
def_usa_2006_980,min_height,4.0,meter,4.0
def_usa_1992_981,min_canopy_cover,10.0,percent,10.0
def_usa_1992_981,min_height,395.0,m,395.0
def_usa_2003_983,min_canopy_cover,10.0,percent,10.0
def_usa_2003_984,min_height,642.0,m,642.0
def_usa_1972_985,min_area,1.0,acre,0.404686
def_usa_1972_985,min_height,120.0,feet,36.576
def_usa_1993_986,min_area,1.0,acre,0.404686
def_usa_1993_986,min_canopy_cover,10.0,percent,10.0
def_usa_1993_986,min_height,120.0,feet,36.576
def_usa_1997_987,min_area,1.0,acre,0.404686
def_usa_2001_988,min_height,120.0,feet,36.576
def_usa_2004_989,min_area,0.4,ha,0.4
def_usa_2004_989,min_canopy_cover,5.0,percent,5.0
def_usa_2004_989,min_height,36.6,m,36.6
def_usa_2006_990,min_height,120.0,feet,36.576
def_usa_2007_991,min_area,1.0,acre,0.404686
def_usa_2007_991,min_canopy_cover,10.0,percent,10.0
def_usa_2007_991,min_height,120.0,feet,36.576
def_usa_unknown_992,min_area,1.0,acre,0.404686
def_usa_unknown_992,min_height,120.0,feet,36.576
def_usa_2003_993,min_canopy_cover,10.0,percent,10.0
def_usa_2003_993,min_height,13.0,feet,3.9624
def_usa_1992_994,min_canopy_cover,10.0,percent,10.0
def_usa_1992_994,min_height,4.0,meter,4.0
def_usa_2002_996,min_area,0.4,ha,0.4
def_usa_2002_996,min_canopy_cover,10.0,percent,10.0
def_usa_2002_996,min_height,4.0,meter,4.0
def_usa_2002_996,min_width,30.5,m,30.5
def_usa_unknown_997,min_area,1.0,acre,0.404686
def_usa_unknown_997,min_canopy_cover,10.0,percent,10.0
def_usa_unknown_997,min_height,4.0,meter,4.0
def_usa_1980_999,min_area,1.0,acre,0.404686
def_usa_1980_999,min_height,100.0,feet,30.48
def_usa_1982_1000,min_canopy_cover,10.0,percent,10.0
def_usa_1982_1000,min_height,100.0,feet,30.48
def_usa_1952_1007,min_area,1.0,acre,0.404686
def_usa_1952_1007,min_height,6.0,feet,1.8288000000000002
def_usa_unknown_1009,min_area,1.0,acre,0.404686
def_usa_unknown_1009,min_canopy_cover,10.0,percent,10.0
def_usa_unknown_1009,min_height,36.6,m,36.6
def_usa_unknown_1009,min_width,36.6,m,36.6
def_chi_2011_1015,min_area,0.5,hectare,0.5
def_chi_2011_1015,min_canopy_cover,10.0,percent,10.0
def_chi_2011_1015,min_height,5.0,meter,5.0
def_vie_2016_1019,min_area,0.5,ha,0.5
def_vie_2016_1019,min_height,5.0,meter,5.0
def_cam_2000_1025,min_area,0.5,hectare,0.5
def_cam_2000_1025,min_canopy_cover,10.0,percent,10.0
def_fin_2009_1030,min_height,1.0,m,1.0
def_lat_unknown_1039,min_canopy_cover,20.0,percent,20.0
def_phi_1972_1042,min_area,250.0,hectare,250.0
def_unk_2011_1051,min_area,0.4,ha,0.4
def_usa_unknown_1059,min_height,4.0,meter,4.0
def_vie_2004_1065,min_canopy_cover,10.0,percent,10.0
def_usa_1997_1083,min_area,10.0,acre,4.04686
def_aus_unknown_1085,min_canopy_cover,80.0,percent,80.0
def_aus_unknown_1087,min_canopy_cover,30.0,percent,30.0
def_aus_unknown_1089,min_height,5.0,metre,5.0
def_aus_unknown_1091,min_height,8.0,metre,8.0
def_bel_unknown_1092,min_area,0.5,ha,0.5
def_bel_unknown_1092,min_canopy_cover,10.0,percent,10.0
def_bel_unknown_1092,min_height,5.0,m,5.0
def_bel_unknown_1092,min_width,20.0,m,20.0
def_bel_1997_1093,min_area,100.0,ha,100.0
def_bel_2000_1094,min_area,100.0,ha,100.0
def_bel_2000_1094,min_height,9.0,m,9.0
def_can_unknown_1100,min_area,10.0,ha,10.0
def_unk_2012_1102,min_area,1.0,hectare,1.0
def_unk_2012_1102,min_height,5.0,meter,5.0
def_ind_unknown_1103,min_area,10.0,hectare,10.0
def_rus_unknown_1105,min_canopy_cover,20.0,percent,20.0
def_usa_unknown_1120,min_canopy_cover,60.0,percent,60.0
def_usa_unknown_1125,min_canopy_cover,16.7,percent,16.7
def_usa_unknown_1134,min_area,1.0,acre,0.404686
def_usa_unknown_1135,min_canopy_cover,50.0,percent,50.0
def_usa_unknown_1135,min_height,4.5,feet,1.3716000000000002
def_usa_unknown_1138,min_height,6.0,meter,6.0
def_usa_2003_1144,min_height,4.0,m,4.0
def_usa_2003_1145,min_height,4.0,m,4.0
def_usa_unknown_1150,min_height,20.0,feet,6.096
def_usa_1994_1152,min_canopy_cover,10.0,percent,10.0
def_usa_1994_1152,min_height,3.0,meter,3.0
def_usa_unknown_1163,min_height,30.0,feet,9.144
def_usa_2002_1165,min_canopy_cover,60.0,percent,60.0
def_usa_2002_1165,min_height,6.0,m,6.0
def_usa_unknown_1167,min_height,25.0,feet,7.62
def_usa_1998_1168,min_height,20.0,feet,6.096
def_usa_unknown_1171,min_canopy_cover,10.0,percent,10.0
def_aus_unknown_1172,min_canopy_cover,30.0,percent,30.0
def_aus_unknown_1172,min_height,5.0,m,5.0
def_aus_unknown_1173,min_height,5.0,metre,5.0
def_bel_1997_1174,min_area,50.0,acre,20.2343
def_bel_1997_1174,min_canopy_cover,20.0,percent,20.0
def_bel_1997_1174,min_height,25.0,m,25.0
def_bel_1997_1174,min_width,25.0,m,25.0
def_usa_2000_1185,min_area,1.0,acre,0.404686
def_usa_2000_1185,min_height,120.0,feet,36.576
def_usa_unknown_1186,min_height,120.0,feet,36.576
def_usa_2000_1187,min_area,1.0,acre,0.404686
def_usa_2000_1187,min_height,120.0,feet,36.576
def_usa_unknown_1190,min_height,6.0,feet,1.8288000000000002
def_usa_1995_1192,min_area,1.0,acre,0.404686
def_usa_unknown_1200,min_area,20.0,acre,8.09372
def_usa_1988_1201,min_area,1.0,acre,0.404686
def_usa_unknown_1211,min_area,1.0,acre,0.404686
def_usa_unknown_1211,min_height,120.0,feet,36.576
def_usa_1974_1219,min_height,209.0,m,209.0
def_usa_2007_1220,min_area,1.0,acre,0.404686
def_usa_1974_1222,min_height,209.0,m,209.0
def_usa_unknown_1223,min_canopy_cover,50.0,percent,50.0
def_usa_unknown_1223,min_height,4.5,feet,1.3716000000000002
def_usa_unknown_1225,min_canopy_cover,50.0,percent,50.0
def_usa_unknown_1227,min_height,20.0,feet,6.096
def_usa_unknown_1228,min_height,61.0,m,61.0
def_usa_unknown_1229,min_area,40.0,acre,16.18744
def_usa_2002_1232,min_height,3.0,m,3.0
def_usa_1996_1235,min_area,15.0,acre,6.07029
def_usa_unknown_1236,min_area,15.0,acre,6.07029
def_usa_unknown_1241,min_area,20.0,acre,8.09372
def_usa_unknown_1243,min_area,20.0,acre,8.09372
def_usa_unknown_1248,min_area,10.0,acre,4.04686
def_usa_1998_1258,min_area,1.0,acre,0.404686
def_usa_1998_1258,min_canopy_cover,10.0,percent,10.0
def_usa_1998_1258,min_height,36.6,m,36.6
def_usa_1998_1258,min_width,36.6,m,36.6
def_usa_unknown_1262,min_area,25.0,acre,10.11715
def_usa_2000_1265,min_area,1.0,acre,0.404686
def_usa_2000_1265,min_height,120.0,feet,36.576
def_usa_unknown_1285,min_height,26.0,m,26.0
def_eur_unknown_1297,min_height,15.0,m,15.0
def_aus_unknown_1301,min_height,5.0,metre,5.0
def_aus_unknown_1302,min_height,3.0,m,3.0
def_aus_unknown_1303,min_height,5.0,m,5.0
def_bel_unknown_1305,min_height,5.0,m,5.0
def_can_unknown_1307,min_height,5.0,metre,5.0
def_can_unknown_1308,min_height,23.0,m,23.0
def_can_unknown_1309,min_height,4.5,metre,4.5
def_cub_unknown_1311,min_height,5.0,m,5.0
def_unk_unknown_1312,min_height,5.0,m,5.0
def_unk_1994_1314,min_height,2.0,m,2.0
def_fra_unknown_1318,min_height,8.0,m,8.0
def_ind_unknown_1320,min_height,1.37,m,1.37
def_unk_2014_1322,min_height,5.0,metre,5.0
def_jap_unknown_1325,min_height,5.0,m,5.0
def_lit_unknown_1328,min_height,11.0,m,11.0
def_mal_1984_1330,min_height,5.0,meter,5.0
def_unk_unknown_1332,min_height,7.0,m,7.0
def_unk_unknown_1333,min_height,6.0,meter,6.0
def_new_2011_1334,min_height,5.0,metre,5.0
def_pap_unknown_1337,min_height,5.0,metre,5.0
def_rom_unknown_1338,min_height,7.0,m,7.0
def_unk_1998_1339,min_height,4.6,m,4.6
def_unk_unknown_1340,min_height,5.0,metre,5.0
def_tur_unknown_1350,min_height,8.0,m,8.0
def_unk_unknown_1351,min_height,3.0,meter,3.0
def_unk_1998_1352,min_height,3.0,m,3.0
def_uni_unknown_1356,min_height,6.0,m,6.0
def_usa_2006_1357,min_height,4.6,m,4.6
def_usa_1992_1358,min_height,4.0,meter,4.0
def_usa_unknown_1359,min_height,6.0,m,6.0
def_usa_unknown_1362,min_height,8.0,feet,2.4384
def_usa_unknown_1365,min_height,13.0,feet,3.9624
def_usa_unknown_1366,min_height,12.0,feet,3.6576000000000004
def_usa_2000_1367,min_height,20.0,feet,6.096
def_usa_unknown_1368,min_height,20.0,feet,6.096
def_usa_1998_1369,min_height,15.0,feet,4.572
def_usa_unknown_1371,min_height,6.0,meter,6.0
def_usa_unknown_1376,min_height,20.0,feet,6.096
def_ven_1977_1377,min_height,5.0,m,5.0
def_unk_unknown_1379,min_height,6.0,m,6.0
def_unk_unknown_1380,min_height,6.0,m,6.0
def_unk_unknown_1384,min_height,8.0,feet,2.4384
def_unk_1999_1387,min_height,4.0,meter,4.0
def_uk_unknown_1388,min_height,5.0,meter,5.0
def_unk_1996_1390,min_height,1998.0,m,1998.0
def_unk_unknown_1391,min_height,7.0,meter,7.0
def_unk_1998_1392,min_height,6.0,m,6.0
def_usa_1999_1398,min_height,5.0,meter,5.0
def_unk_unknown_1402,min_height,4.0,m,4.0
def_unk_2003_1405,min_area,0.5,ha,0.5
def_unk_2003_1405,min_height,5.0,m,5.0
def_unk_2003_1405,min_width,2000.0,m,2000.0
def_ind_2008_1406,min_height,20.0,m,20.0
def_aus_unknown_1418,min_canopy_cover,50.0,percent,50.0
def_aus_unknown_1419,min_canopy_cover,30.0,percent,30.0
def_aus_2008_1420,min_canopy_cover,20.0,percent,20.0
def_aus_2014_1421,min_canopy_cover,50.0,percent,50.0
def_aus_1999_1422,min_canopy_cover,20.0,percent,20.0
def_aus_1999_1422,min_height,10.0,m,10.0
def_aus_1975_1423,min_canopy_cover,30.0,percent,30.0
def_can_unknown_1425,min_canopy_cover,25.0,percent,25.0
def_can_unknown_1425,min_height,20.0,feet,6.096
def_can_1998_1427,min_area,0.5,ha,0.5
def_can_1998_1427,min_canopy_cover,60.0,percent,60.0
def_can_1998_1427,min_height,40.0,metre,40.0
def_can_1998_1427,min_width,40.0,metre,40.0
def_eur_unknown_1430,min_height,18.0,metre,18.0
def_fra_2011_1435,min_area,4.0,hectare,4.0
def_fra_2011_1435,min_canopy_cover,10.0,percent,10.0
def_fra_2011_1435,min_height,5.0,meter,5.0
def_fra_2011_1435,min_width,20.0,meter,20.0
def_nor_unknown_1439,min_height,1.0,m,1.0
def_unk_1996_1441,min_canopy_cover,20.0,percent,20.0
def_unk_1996_1441,min_height,7.0,m,7.0
def_sou_1996_1444,min_canopy_cover,70.0,percent,70.0
def_swe_2000_1446,min_area,0.25,ha,0.25
def_tan_1991_1447,min_canopy_cover,40.0,percent,40.0
def_tan_1991_1447,min_height,10.0,meter,10.0
def_tur_2012_1449,min_height,8.0,m,8.0
def_tur_2012_1449,min_width,8.0,m,8.0
def_uga_unknown_1450,min_height,4.0,m,4.0
def_uga_2017_1451,min_canopy_cover,40.0,percent,40.0
def_uga_2017_1451,min_height,4.0,m,4.0
def_uk_2014_1452,min_canopy_cover,20.0,percent,20.0
def_uk_unknown_1455,min_area,2.0,ha,2.0
def_unk_unknown_1456,min_area,0.5,hectare,0.5
def_unk_unknown_1456,min_height,5.0,metre,5.0
def_unk_2017_1457,min_canopy_cover,40.0,percent,40.0
def_unk_2017_1457,min_height,4.0,m,4.0
def_unk_1993_1458,min_canopy_cover,40.0,percent,40.0
def_unk_1993_1458,min_height,8.0,m,8.0
def_unk_2000_1459,min_area,0.5,hectare,0.5
def_unk_2000_1459,min_canopy_cover,10.0,percent,10.0
def_unk_2000_1459,min_height,5.0,meter,5.0
def_unk_2000_1459,min_width,20.0,meter,20.0
def_unk_2004_1460,min_area,0.5,hectare,0.5
def_unk_2004_1460,min_canopy_cover,10.0,percent,10.0
def_unk_2004_1460,min_height,5.0,meter,5.0
def_unk_2005_1461,min_canopy_cover,10.0,percent,10.0
def_unk_2005_1461,min_height,5.0,metre,5.0
def_unk_2010_1463,min_area,0.5,hectare,0.5
def_unk_2010_1463,min_canopy_cover,10.0,percent,10.0
def_unk_2010_1463,min_height,5.0,meter,5.0
def_unk_2010_1464,min_area,0.5,hectare,0.5
def_unk_2010_1464,min_canopy_cover,5.0,percent,5.0
def_unk_2010_1464,min_height,2.0,m,2.0
def_unk_2005_1465,min_height,18.0,metre,18.0
def_uni_unknown_1467,min_canopy_cover,25.0,percent,25.0
def_uni_unknown_1467,min_height,5.0,m,5.0
def_uni_unknown_1468,min_canopy_cover,20.0,percent,20.0
def_usa_1980_1472,min_canopy_cover,25.0,percent,25.0
def_usa_1980_1472,min_height,4.0,meter,4.0
def_usa_unknown_1475,min_area,10.0,acre,4.04686
def_usa_unknown_1476,min_canopy_cover,75.0,percent,75.0
def_usa_unknown_1476,min_height,10.0,m,10.0
def_usa_unknown_1478,min_canopy_cover,60.0,percent,60.0
def_usa_unknown_1480,min_canopy_cover,50.0,percent,50.0
def_usa_2004_1481,min_canopy_cover,25.0,percent,25.0
def_unk_unknown_1484,min_height,10.0,m,10.0
def_unk_2063_1486,min_canopy_cover,20.0,percent,20.0
def_unk_2063_1486,min_height,18.0,m,18.0
def_unk_1993_1487,min_canopy_cover,80.0,percent,80.0
def_unk_1993_1487,min_height,18.0,m,18.0
def_unk_unknown_1488,min_height,0.0,feet,0.0
def_unk_unknown_1490,min_canopy_cover,40.0,percent,40.0
def_unk_unknown_1490,min_height,8.0,metre,8.0
def_ger_unknown_1491,min_height,5.0,meter,5.0
def_unk_unknown_1496,min_canopy_cover,20.0,percent,20.0
def_unk_unknown_1496,min_height,20.0,m,20.0
def_unk_unknown_1497,min_area,5.0,ha,5.0
def_usa_unknown_1499,min_height,100.0,feet,30.48
def_unk_2014_1502,min_canopy_cover,60.0,percent,60.0
def_unk_unknown_1504,min_canopy_cover,25.0,percent,25.0
def_unk_2015_1510,min_area,0.5,hectare,0.5
def_unk_2015_1510,min_canopy_cover,10.0,percent,10.0
def_unk_2015_1510,min_height,5.0,meter,5.0
def_unk_1998_1515,min_area,1.0,ha,1.0
def_unk_1998_1515,min_height,1.3,meter,1.3
def_unk_1998_1529,min_area,1.0,ha,1.0
def_unk_1998_1529,min_height,1.3,meter,1.3
def_unk_unknown_1530,min_height,8.0,m,8.0
def_yem_unknown_1531,min_height,8.0,m,8.0
def_unk_unknown_1541,min_area,1.0,acre,0.404686
def_unk_unknown_1542,min_area,5.0,acre,2.02343
def_gha_unknown_1557,min_height,7.0,m,7.0
def_unk_unknown_1566,min_height,8.0,m,8.0
def_ukr_1998_1574,min_height,28.0,m,28.0
def_unk_2001_1591,min_canopy_cover,10.0,percent,10.0
def_gha_unknown_1601,min_height,7.0,m,7.0
def_ken_2005_1605,min_canopy_cover,370.0,percent,370.0
def_unk_unknown_1607,min_height,8.0,m,8.0
def_unk_1998_1615,min_canopy_cover,10.0,percent,10.0
def_unk_2001_1616,min_height,7.0,ft,2.1336
def_unk_2000_1617,min_canopy_cover,10.0,percent,10.0
def_yem_unknown_1621,min_height,8.0,m,8.0
def_unk_2001_1627,min_canopy_cover,10.0,percent,10.0
def_unk_2001_1642,min_canopy_cover,10.0,percent,10.0
def_unk_2004_1643,min_canopy_cover,10.0,percent,10.0
def_col_1996_1658,min_height,1996.0,m,1996.0
def_gha_unknown_1664,min_height,7.0,m,7.0
def_unk_unknown_1673,min_height,8.0,m,8.0
def_unk_2001_1683,min_canopy_cover,10.0,percent,10.0
def_usa_unknown_1689,min_height,4.5,feet,1.3716000000000002
def_yem_unknown_1698,min_height,8.0,m,8.0
def_cze_1995_1710,min_height,1995.0,m,1995.0
def_cze_1995_1718,min_height,1995.0,m,1995.0
def_usa_1997_1720,min_area,1.0,acre,0.404686
def_usa_1997_1720,min_height,30.0,feet,9.144
def_usa_1993_1721,min_area,1.0,acre,0.404686
def_usa_1993_1721,min_height,120.0,feet,36.576
def_unk_2001_1725,min_area,0.05,hectare,0.05
